match_id,Result,home_score,away_score,match_day,home_team,away_team,venue_id,corners_h,fouls_h,free_kicks_h,goals_h,goal_kicks_h,offsides_h,penalties_h,possession_h,shots_off_target_h,shots_on_target_h,shots_woodwork_h,substitutions_H,throw_ins_h,yellow_cards_h,yellow_red_cards_h,red_cards_h,shots_blocked_h,attacks_h,dangerous_attacks_h,corners_a,fouls_a,free_kicks_a,goals_a,goal_kicks_a,offsides_a,penalties_a,possession_a,shots_off_target_a,shots_on_target_a,shots_woodwork_a,substitutions_A,throw_ins_a,yellow_cards_a,yellow_red_cards_a,red_cards_a,shots_blocked_a,attacks_a,dangerous_attacks_a
2043045,2,0,1,1,AFC Bournemouth,Aston Villa,520,6,12,13,0,3,0,0,60,7,2,0,0,27,0,0,0,2,49,36,3,13,12,1,13,0,0,40,1,1,0,0,19,0,0,0,0,36,22
2043046,2,1,3,1,Norwich FC,Crystal Palace,467,1,14,22,1,4,3,0,61,8,5,1,0,23,0,0,0,2,70,43,4,19,17,3,12,2,0,39,1,4,0,0,20,0,0,0,2,66,36
2043047,2,0,1,1,Stoke City,Liverpool FC,432,3,8,19,0,4,2,0,54,0,4,0,0,25,0,0,0,1,48,26,5,17,10,1,5,2,0,46,0,2,0,0,21,0,0,0,2,40,33
2043048,2,0,3,1,West Bromwich Albion,Manchester City,433,6,12,9,0,2,2,0,37,4,3,0,0,16,0,0,0,0,49,26,6,9,14,3,10,0,0,63,2,5,0,0,13,0,0,0,0,55,29
2043049,x,2,2,1,Everton FC,Watford FC,92,6,10,14,2,11,0,0,56,3,5,0,0,32,0,0,0,0,56,49,6,11,10,2,6,3,0,44,7,7,0,0,20,0,0,0,0,49,45
2043050,1,4,2,1,Leicester City,Sunderland AFC,473,6,13,17,4,6,0,1,50,8,6,1,0,21,0,0,0,1,57,40,3,15,13,2,10,1,0,50,4,4,0,0,25,0,0,0,2,56,32
2043051,x,2,2,1,Chelsea FC,Swansea FC,83,4,14,22,2,2,2,0,54,5,3,0,0,19,0,0,1,0,46,39,8,18,16,2,7,4,1,46,1,7,0,0,21,0,0,0,1,39,29
2043052,1,1,0,1,Manchester United,Tottenham Hotspur,430,1,12,14,1,4,1,0,51,3,1,0,0,25,0,0,0,1,71,27,2,12,13,0,7,2,0,49,2,1,0,0,24,0,0,0,0,71,22
2043053,x,2,2,1,Newcastle United,Southampton FC,84,8,7,14,2,8,4,0,65,4,4,0,0,30,0,0,0,1,84,54,2,13,11,2,10,1,0,35,4,2,0,0,15,0,0,0,2,61,31
2043054,2,0,2,1,Arsenal FC,West Ham United,81,5,12,10,0,7,3,0,58,8,7,1,0,18,0,0,0,5,69,49,4,9,15,2,11,1,0,42,3,1,0,0,21,0,0,0,1,54,25
2043055,2,1,2,2,Crystal Palace,Arsenal FC,464,6,14,13,1,7,3,0,44,3,4,1,0,14,0,0,0,3,58,31,6,11,17,2,6,2,0,56,6,10,0,0,20,0,0,0,4,73,40
2043056,1,1,0,2,Liverpool FC,AFC Bournemouth,85,6,11,18,1,9,1,0,54,12,1,1,0,19,0,0,0,4,64,43,8,18,12,0,15,0,0,46,7,3,0,0,32,0,0,0,3,58,33
2043057,1,3,0,2,Manchester City,Chelsea FC,87,5,20,16,3,9,1,0,48,6,5,0,0,18,0,0,0,4,50,37,1,13,21,0,7,3,0,52,2,2,1,0,17,0,0,0,3,57,37
2043058,2,0,3,2,Watford FC,Newcastle United,468,9,11,12,0,3,1,0,55,7,4,0,0,23,0,0,0,3,59,38,9,10,12,3,12,2,0,45,1,5,0,0,15,0,0,0,0,54,28
2043059,2,1,2,2,West Ham United,Leicester City,90,8,11,13,1,10,1,0,50,4,3,1,0,34,0,0,1,0,58,43,4,12,12,2,13,1,0,50,4,2,0,0,15,0,0,0,2,51,29
2043060,2,0,1,2,Aston Villa,Manchester United,86,3,14,13,0,7,4,0,51,2,1,0,0,25,0,0,0,0,58,40,5,10,18,1,4,3,0,49,5,1,0,0,18,0,0,0,1,47,30
2043061,1,2,0,2,Swansea FC,Everton FC,456,4,10,9,2,4,2,0,63,2,5,2,0,25,0,0,0,1,79,55,4,8,12,0,10,1,0,37,2,2,0,0,21,0,1,0,0,49,22
2043062,2,1,3,2,Sunderland AFC,Norwich FC,96,6,7,8,1,6,2,0,46,2,1,0,0,22,0,0,0,0,46,29,6,7,9,3,6,1,0,54,4,1,0,0,32,0,0,0,1,50,37
2043063,x,2,2,2,Tottenham Hotspur,Stoke City,91,4,14,14,2,10,3,0,49,5,4,0,0,35,0,0,0,2,63,30,3,11,17,2,4,3,1,51,5,5,0,0,21,0,0,0,2,60,26
2043064,x,0,0,2,Southampton FC,West Bromwich Albion,465,2,11,10,0,8,0,0,64,7,7,0,0,33,0,0,0,2,102,52,4,10,13,0,16,0,0,36,4,0,0,0,13,0,0,0,1,77,26
2043065,1,2,1,3,Crystal Palace,Aston Villa,464,6,12,15,2,11,4,0,51,7,3,0,0,16,0,0,0,3,76,39,4,14,16,1,14,0,0,49,8,1,0,0,23,0,0,0,2,61,29
2043066,2,3,4,3,West Ham United,AFC Bournemouth,90,5,6,11,3,9,3,1,46,2,0,0,0,25,0,0,1,2,53,46,4,10,10,4,7,1,1,54,4,4,0,0,32,0,0,0,1,52,41
2043067,2,2,3,3,West Bromwich Albion,Chelsea FC,433,8,9,12,2,10,2,1,49,5,3,0,0,20,0,0,0,1,47,30,7,11,11,3,7,1,0,51,7,2,0,0,13,0,0,1,0,53,31
2043068,x,0,0,3,Arsenal FC,Liverpool FC,81,7,2,17,0,3,4,0,61,7,7,0,0,19,0,0,0,6,66,42,8,13,6,0,11,4,0,39,5,6,2,0,23,0,0,0,2,56,34
2043069,2,0,2,3,Newcastle United,Manchester City,84,8,5,9,0,9,3,0,47,5,2,0,0,18,0,0,0,2,61,32,7,7,8,2,6,2,0,53,2,7,1,0,26,0,0,0,1,64,42
2043070,x,0,0,3,Manchester United,Everton FC,430,11,15,13,0,4,4,0,66,1,6,1,0,20,0,0,0,3,75,47,5,11,19,0,5,2,0,34,1,0,1,0,14,0,0,0,0,58,21
2043071,x,0,0,3,Southampton FC,Watford FC,465,5,10,13,0,14,4,0,55,5,2,0,0,33,0,0,0,3,86,43,2,11,14,0,9,2,0,45,9,6,0,0,18,0,0,0,0,80,37
2043072,x,1,1,3,Norwich FC,Stoke City,467,9,16,8,1,8,2,0,46,13,6,0,0,26,0,0,0,3,49,44,0,4,19,1,12,4,0,54,4,1,0,0,20,0,0,0,2,52,36
2043073,x,1,1,3,Sunderland AFC,Swansea FC,96,3,15,11,1,7,4,0,43,5,1,0,0,15,0,0,0,3,48,38,4,9,20,1,8,2,0,57,5,8,1,0,20,0,0,0,0,49,37
2043074,x,1,1,3,Leicester City,Tottenham Hotspur,473,2,7,14,1,13,1,0,43,3,3,0,0,21,0,0,0,5,54,31,7,14,8,1,5,0,0,57,10,6,0,0,26,0,0,0,3,54,49
2043075,2,0,1,4,Everton FC,Arsenal FC,92,0,16,10,0,8,2,0,30,1,1,0,0,24,0,0,1,0,40,34,9,8,19,1,4,2,0,70,4,13,0,0,24,0,0,0,1,64,60
2043076,2,1,2,4,Chelsea FC,Crystal Palace,83,7,9,17,1,8,0,0,60,9,9,0,0,16,0,0,0,6,73,41,7,15,9,2,11,2,0,40,6,3,0,0,23,0,0,0,1,60,26
2043077,x,0,0,4,Tottenham Hotspur,Newcastle United,91,6,20,10,0,8,3,0,50,8,8,0,0,16,0,0,0,7,77,46,2,9,23,0,14,1,0,50,4,4,0,0,18,0,0,0,0,72,30
2043078,x,1,1,4,AFC Bournemouth,Leicester City,520,4,8,20,1,6,1,0,52,2,1,0,0,39,0,0,0,1,68,26,4,18,9,1,8,1,1,48,2,1,0,0,27,0,0,0,0,56,27
2043079,1,2,1,4,Swansea FC,Manchester United,456,0,6,16,2,7,3,0,42,3,2,1,0,18,0,0,0,1,44,25,1,14,9,1,5,2,0,58,5,3,0,0,17,0,0,0,1,59,37
2043080,1,3,0,4,Watford FC,Norwich FC,468,6,4,12,3,7,2,0,58,10,5,0,0,20,0,0,0,2,84,55,4,12,6,0,16,0,0,42,4,2,0,0,22,0,1,0,0,63,26
2043081,x,2,2,4,Aston Villa,Sunderland AFC,86,5,10,15,2,5,1,1,64,9,6,0,0,25,0,0,0,3,61,53,4,14,11,2,12,1,0,36,3,1,0,0,14,0,0,0,0,35,28
2043082,1,2,0,4,Manchester City,Southampton FC,87,9,8,13,2,1,1,0,60,9,4,0,0,13,0,0,0,3,56,47,3,12,9,0,13,1,0,40,3,0,0,0,11,0,0,0,4,42,26
2043083,2,0,1,4,Stoke City,West Bromwich Albion,432,6,6,12,0,7,2,0,55,5,3,0,0,16,0,0,2,2,48,24,5,9,8,1,8,3,0,45,4,4,0,0,24,0,0,0,2,48,35
2043084,2,0,3,4,Liverpool FC,West Ham United,85,5,16,12,0,4,1,0,60,5,1,1,0,27,0,1,0,3,64,52,7,11,18,3,10,1,0,40,4,2,0,0,17,0,0,1,3,50,27
2043085,1,3,2,5,Leicester City,Aston Villa,473,4,9,14,3,5,1,0,56,12,3,0,0,35,0,0,0,4,68,49,5,13,10,2,13,1,0,44,3,2,0,0,26,0,0,0,2,49,30
2043086,1,3,1,5,Norwich FC,AFC Bournemouth,467,4,10,13,3,7,0,0,50,7,2,1,0,16,0,0,0,1,55,42,4,11,10,1,11,2,0,50,2,0,1,0,34,0,0,0,3,57,27
2043087,1,3,1,5,Newcastle United,Chelsea FC,84,7,12,14,3,10,0,0,43,6,6,0,0,13,0,0,0,0,60,36,14,12,12,1,10,2,0,57,8,2,0,0,15,0,0,0,4,68,46
2043088,1,3,1,5,Manchester United,Liverpool FC,430,4,6,12,3,5,2,1,56,3,0,0,0,27,0,0,0,1,75,32,4,10,8,1,4,2,0,44,3,0,0,0,23,0,0,0,0,59,17
2043089,2,0,1,5,Crystal Palace,Manchester City,464,4,13,13,0,12,5,0,44,7,3,0,0,23,0,0,0,0,64,30,4,13,18,1,12,0,0,56,10,6,0,0,29,0,0,0,4,77,36
2043090,1,2,0,5,West Ham United,Everton FC,90,6,7,12,2,6,0,0,40,7,1,1,0,28,0,0,0,1,48,39,7,10,8,0,8,2,0,60,5,4,0,0,36,0,0,0,1,56,46
2043091,x,0,0,5,West Bromwich Albion,Watford FC,433,4,5,7,0,11,1,0,38,4,3,0,0,18,0,0,0,0,66,28,5,5,6,0,6,2,0,62,5,7,0,0,25,0,0,0,2,79,52
2043092,1,2,0,5,Arsenal FC,Stoke City,81,13,5,16,2,7,3,0,69,10,10,2,0,19,0,0,0,4,66,42,1,13,8,0,13,3,0,31,2,3,0,0,13,0,0,0,3,47,18
2043093,1,1,0,5,Southampton FC,Swansea FC,465,1,10,20,1,11,1,0,50,6,4,0,0,20,0,0,1,2,39,25,3,14,11,0,10,6,0,50,6,3,0,0,21,0,0,0,0,51,35
2043094,2,0,1,5,Sunderland AFC,Tottenham Hotspur,96,6,10,13,0,8,1,0,49,3,3,2,0,24,0,0,0,0,55,47,8,13,11,1,9,0,0,51,6,1,0,0,30,0,0,0,0,55,49
2043095,1,2,0,6,Chelsea FC,Arsenal FC,83,5,12,14,2,6,0,0,59,8,6,0,0,15,0,0,0,5,72,46,5,10,13,0,11,3,0,41,6,2,0,0,19,0,1,1,1,51,27
2043096,1,1,0,6,Tottenham Hotspur,Crystal Palace,91,6,9,14,1,5,3,0,55,6,4,0,0,30,0,0,0,6,69,39,5,11,12,0,11,3,0,45,5,3,1,0,30,0,0,0,1,51,31
2043097,x,0,0,6,Swansea FC,Newcastle United,456,2,12,11,0,7,3,0,52,5,3,0,0,22,0,0,0,3,75,46,4,11,15,0,11,0,0,48,7,4,0,0,17,0,0,1,3,65,33
2043098,x,2,2,6,Stoke City,Leicester City,432,3,6,13,2,10,3,0,54,4,1,0,0,23,0,0,0,0,60,36,4,12,9,2,10,1,1,46,4,5,0,0,22,0,0,0,2,48,35
2043099,2,2,3,6,Watford FC,Manchester United,468,5,6,16,2,5,0,0,44,4,6,1,0,16,0,0,0,0,54,33,5,13,7,3,10,2,0,56,4,1,0,0,20,0,0,0,1,58,38
2043100,x,1,1,6,Liverpool FC,Norwich FC,85,6,4,14,1,7,3,0,56,7,9,0,0,22,0,0,0,3,78,59,2,13,7,1,9,1,0,44,4,2,0,0,25,0,0,0,1,67,33
2043101,1,2,0,6,AFC Bournemouth,Sunderland AFC,520,7,13,18,2,8,2,0,53,2,4,1,0,18,0,0,0,3,51,28,3,15,16,0,6,3,0,47,3,4,0,0,26,0,1,0,3,48,25
2043102,2,1,2,6,Everton FC,Southampton FC,92,5,6,14,1,10,4,0,53,7,6,0,0,30,0,0,0,2,75,66,5,13,11,2,13,1,0,47,4,4,0,0,16,0,0,0,1,59,48
2043103,2,0,1,6,Aston Villa,West Bromwich Albion,86,2,10,12,0,8,2,0,55,5,3,0,0,30,0,0,0,3,54,44,7,11,12,1,9,1,0,45,1,7,0,0,32,0,0,0,0,53,37
2043104,2,1,2,6,Manchester City,West Ham United,87,16,10,9,1,4,2,0,65,8,6,0,0,21,0,0,0,0,69,56,3,7,12,2,12,2,0,35,1,1,0,0,14,0,0,0,0,28,19
2043105,2,2,5,7,Leicester City,Arsenal FC,473,6,9,14,2,7,0,0,48,4,4,2,0,18,0,0,0,3,61,50,5,12,9,5,10,2,0,52,6,8,0,0,19,0,0,0,6,64,52
2043106,1,3,2,7,Liverpool FC,Aston Villa,85,11,8,14,3,8,3,0,62,4,10,0,0,18,0,0,0,3,70,52,1,13,11,2,10,1,0,38,6,2,0,0,15,0,0,0,0,53,24
2043107,1,2,1,7,Stoke City,AFC Bournemouth,432,3,12,14,2,3,2,0,53,2,2,0,0,23,0,0,0,0,43,29,7,11,14,1,0,3,0,47,0,3,0,0,28,0,0,0,1,41,26
2043108,x,2,2,7,Everton FC,Chelsea FC,92,4,13,17,2,10,1,0,35,3,3,0,0,28,0,0,0,3,50,35,6,14,14,2,6,3,0,65,8,3,0,0,29,0,0,0,2,58,51
2043109,2,0,1,7,Southampton FC,Crystal Palace,465,6,16,22,0,11,0,0,52,8,2,1,0,31,0,0,0,4,69,29,4,22,16,1,7,0,1,48,7,6,1,0,17,0,0,0,4,66,37
2043110,2,2,3,7,West Bromwich Albion,Newcastle United,433,6,9,10,2,11,3,0,47,2,2,0,0,24,0,0,0,0,63,40,4,9,12,3,8,1,0,53,2,2,0,0,20,0,0,0,1,63,35
2043111,1,4,1,7,Tottenham Hotspur,Manchester City,91,5,17,9,4,10,5,0,50,2,4,0,0,32,0,0,0,1,71,33,9,6,22,1,4,3,0,50,9,6,0,0,26,0,0,0,2,55,36
2043112,x,2,2,7,West Ham United,Norwich FC,90,7,6,17,2,9,3,0,48,10,4,0,0,25,0,0,0,1,67,33,5,16,10,2,8,1,0,52,7,6,0,0,17,0,0,0,2,57,29
2043113,1,3,0,7,Manchester United,Sunderland AFC,430,5,12,17,3,2,0,0,65,1,2,0,0,17,0,0,0,2,82,38,2,17,12,0,13,0,0,35,1,4,0,0,11,0,0,0,0,55,10
2043114,1,3,1,7,Watford FC,Swansea FC,468,4,17,16,3,7,6,0,42,7,4,0,0,16,0,0,0,1,58,30,3,13,23,1,8,3,1,58,6,4,0,0,20,0,0,0,1,57,25
2043115,2,1,2,8,Norwich FC,Leicester City,467,17,3,6,1,11,1,0,61,5,0,2,0,34,0,0,0,6,52,38,8,4,4,2,10,2,1,39,9,3,0,0,20,0,0,0,1,40,30
2043116,x,1,1,8,Newcastle United,Liverpool FC,84,5,10,19,1,12,1,0,53,3,6,0,0,24,0,0,0,5,65,34,11,19,11,1,5,0,0,47,8,2,0,0,23,0,0,0,2,66,40
2043117,1,3,0,8,Arsenal FC,Manchester United,81,3,8,20,3,5,2,0,39,4,2,1,0,12,0,0,0,2,63,26,6,17,10,0,9,3,0,61,1,4,0,0,18,0,0,0,1,89,52
2043118,1,6,1,8,Manchester City,Everton FC,87,6,13,11,6,2,1,0,63,8,4,0,0,21,0,0,0,3,64,54,3,8,14,1,11,3,0,37,1,3,0,0,13,0,0,0,0,56,25
2043119,2,1,3,8,Chelsea FC,Watford FC,83,4,15,16,1,6,1,0,59,4,4,0,0,21,0,0,0,2,57,38,6,13,16,3,8,3,0,41,4,4,0,0,22,0,0,0,1,53,28
2043120,2,0,1,8,Aston Villa,Stoke City,86,9,12,13,0,2,2,0,55,4,2,0,0,31,0,0,0,0,74,38,5,11,14,1,8,2,0,45,1,4,0,0,24,0,0,0,0,62,33
2043121,x,2,2,8,Swansea FC,Tottenham Hotspur,456,5,8,19,2,7,2,0,43,3,0,1,0,17,0,0,0,3,64,32,6,17,10,2,7,1,0,57,5,7,0,0,11,0,0,0,1,71,53
2043122,x,1,1,8,AFC Bournemouth,Southampton FC,520,5,8,13,1,6,4,1,53,3,5,0,0,38,0,0,0,2,62,32,3,12,12,1,6,1,0,47,3,2,1,0,31,0,0,0,3,52,20
2043123,1,2,0,8,Crystal Palace,West Bromwich Albion,464,8,14,13,2,6,3,1,60,5,9,0,0,33,0,0,0,6,59,45,3,12,17,0,10,1,0,40,3,3,0,0,18,0,0,0,2,58,32
2043124,x,2,2,8,Sunderland AFC,West Ham United,96,1,14,13,2,14,2,0,46,5,2,0,0,18,0,1,0,1,57,33,8,10,16,2,7,2,0,54,7,5,0,0,28,0,0,0,0,61,47
2043125,2,0,3,9,Southampton FC,Arsenal FC,465,3,9,17,0,7,1,0,40,5,2,0,0,20,0,0,0,1,70,36,9,14,10,3,6,3,0,60,5,4,0,0,11,0,0,0,3,68,45
2043126,1,2,0,9,Chelsea FC,Aston Villa,83,4,20,16,2,9,1,0,49,3,1,0,0,30,0,0,0,2,44,25,4,16,21,0,6,0,0,51,6,3,0,0,31,0,0,0,1,38,21
2043127,1,5,1,9,Manchester City,AFC Bournemouth,87,1,11,6,5,7,2,0,49,4,4,1,0,28,0,0,0,0,64,50,7,5,13,1,8,1,0,51,4,1,0,0,24,0,0,0,0,62,42
2043128,x,2,2,9,Watford FC,Leicester City,468,6,16,10,2,14,1,0,43,6,4,0,0,16,0,0,0,0,45,29,7,9,17,2,8,0,0,57,9,6,0,0,25,0,0,0,4,60,42
2043129,x,0,0,9,Tottenham Hotspur,Liverpool FC,91,8,15,16,0,4,2,0,48,6,2,0,0,31,0,0,0,5,62,28,6,12,17,0,5,4,0,52,1,5,1,0,41,0,0,0,1,63,32
2043130,2,0,3,9,Newcastle United,Manchester United,84,5,12,15,0,5,0,0,52,5,4,0,0,23,0,0,0,2,66,37,3,14,12,3,6,1,0,48,2,4,0,0,19,0,0,0,0,60,35
2043131,1,6,2,9,Everton FC,Norwich FC,92,3,10,10,6,5,3,0,45,2,2,0,0,17,0,0,0,0,61,53,7,9,13,2,6,1,0,55,4,7,2,0,20,0,0,0,5,61,54
2043132,2,0,1,9,Swansea FC,Stoke City,456,1,4,15,0,6,1,0,54,8,2,1,0,28,0,0,0,2,89,58,2,13,5,1,13,2,1,46,6,1,0,0,19,0,0,0,0,76,30
2043133,1,1,0,9,West Bromwich Albion,Sunderland AFC,433,1,12,19,1,5,2,0,56,3,2,0,0,23,0,0,0,0,58,43,5,14,14,0,9,5,0,44,1,3,0,0,19,0,0,0,1,57,28
2043134,2,1,3,9,Crystal Palace,West Ham United,464,1,9,14,1,15,2,1,39,2,1,0,0,26,0,1,0,1,70,35,9,9,11,3,6,4,0,61,10,2,1,0,24,0,0,0,5,80,56
2043135,1,2,1,10,West Ham United,Chelsea FC,90,7,10,17,2,6,4,0,50,4,3,0,0,26,0,0,0,3,63,33,4,12,14,1,6,5,0,50,4,3,0,0,22,0,1,0,0,53,28
2043136,1,1,0,10,Leicester City,Crystal Palace,473,3,6,15,1,4,2,0,47,5,3,1,0,21,0,0,0,3,65,42,2,11,8,0,10,2,0,53,4,4,0,0,35,0,0,0,1,61,41
2043137,1,2,1,10,Arsenal FC,Newcastle United,81,7,11,16,2,7,0,0,54,6,3,2,0,23,0,0,0,4,93,52,5,14,11,1,14,2,0,46,2,4,1,0,21,0,1,0,2,69,41
2043138,x,0,0,10,Manchester United,Manchester City,430,6,17,13,0,6,0,0,57,1,0,1,0,27,0,0,0,0,72,33,4,13,17,0,10,0,0,43,2,0,0,0,25,0,0,0,1,64,20
2043139,1,3,0,10,Sunderland AFC,Everton FC,96,1,13,11,3,8,0,1,42,0,1,1,0,23,0,0,0,0,54,43,10,7,13,0,10,3,0,58,7,8,0,0,21,0,0,1,1,51,45
2043140,x,1,1,10,Liverpool FC,Watford FC,85,10,8,13,1,9,4,0,58,7,2,0,0,18,0,0,0,4,68,42,7,11,12,1,12,2,0,42,3,5,0,0,25,0,1,0,1,72,37
2043141,2,1,2,10,Aston Villa,Swansea FC,86,4,10,12,1,10,0,0,48,4,4,0,0,28,0,0,0,0,51,39,6,7,10,2,11,4,0,52,4,3,0,0,26,0,0,0,0,55,41
2043142,2,1,5,10,AFC Bournemouth,Tottenham Hotspur,520,4,7,17,1,8,2,0,41,4,2,1,0,20,0,0,0,3,47,25,5,13,9,5,7,4,1,59,4,2,1,0,22,0,0,0,1,66,28
2043143,2,0,2,10,Stoke City,Southampton FC,432,11,10,18,0,6,7,0,59,7,0,0,0,25,0,0,0,0,56,38,5,18,17,2,11,0,0,41,1,1,2,0,18,0,0,0,3,36,22
2043144,2,0,1,10,Norwich FC,West Bromwich Albion,467,13,11,6,0,7,4,0,58,7,3,0,0,17,0,0,0,4,53,39,3,6,15,1,14,0,0,42,2,3,0,0,16,0,0,0,0,41,18
2043145,2,0,3,11,Swansea FC,Arsenal FC,456,4,12,6,0,7,5,0,53,1,3,0,0,17,0,0,0,2,76,42,4,5,17,3,3,1,0,47,6,3,0,0,19,0,0,0,1,74,42
2043146,1,3,1,11,Tottenham Hotspur,Aston Villa,91,4,6,16,3,7,3,0,60,6,2,0,0,34,0,0,0,4,77,39,3,15,9,1,8,1,0,40,5,1,1,0,33,0,0,0,4,47,26
2043147,1,2,0,11,Watford FC,AFC Bournemouth,468,4,5,6,2,10,1,0,46,4,2,0,0,17,0,1,0,2,43,27,6,5,6,0,6,1,0,54,8,4,0,0,34,0,0,0,3,50,37
2043148,2,2,3,11,West Bromwich Albion,Leicester City,433,6,3,11,2,5,2,1,51,4,5,0,0,38,0,0,0,1,60,37,4,10,5,3,7,1,0,49,4,1,1,0,22,0,0,0,2,65,38
2043149,2,1,3,11,Chelsea FC,Liverpool FC,83,1,8,23,1,6,2,0,46,1,3,0,0,19,0,0,0,5,72,30,7,21,10,3,8,2,0,54,4,6,0,0,38,0,0,0,2,84,41
2043150,x,0,0,11,Crystal Palace,Manchester United,464,7,12,16,0,7,0,0,51,6,5,1,0,29,0,0,0,1,65,27,3,14,12,0,9,1,0,49,2,1,0,0,14,0,0,0,3,67,32
2043151,1,2,1,11,Manchester City,Norwich FC,87,12,4,11,2,3,4,2,67,9,4,0,0,21,0,0,0,2,63,53,4,11,8,1,12,0,0,33,0,2,0,0,12,0,0,1,1,54,28
2043152,x,0,0,11,Everton FC,Stoke City,92,11,6,21,0,7,4,0,55,4,9,1,0,16,0,0,0,2,58,49,4,15,10,0,9,5,0,45,4,7,0,0,16,0,0,0,0,61,55
2043153,1,6,2,11,Newcastle United,Sunderland AFC,84,6,6,7,6,5,3,0,60,6,3,0,0,17,0,0,0,1,80,57,1,5,9,2,10,2,0,40,1,7,2,0,17,0,0,0,3,65,39
2043154,1,2,0,11,Southampton FC,West Ham United,465,7,14,14,2,6,3,0,49,7,5,0,0,23,0,0,0,3,72,29,2,11,18,0,9,2,0,51,4,3,1,0,21,0,0,1,0,59,27
2043155,1,1,0,12,Stoke City,Chelsea FC,432,1,13,11,1,12,3,0,35,5,2,0,0,28,0,0,0,1,53,33,9,10,17,0,8,1,0,65,6,7,1,0,24,0,0,0,3,55,47
2043156,2,1,2,12,Liverpool FC,Crystal Palace,85,14,7,8,1,8,1,0,59,8,3,0,0,28,0,0,0,2,67,46,6,7,8,2,13,1,0,41,4,2,0,0,22,0,0,0,0,66,31
2043157,x,1,1,12,West Ham United,Newcastle United,90,3,8,13,1,6,2,0,48,7,3,0,0,18,0,0,0,2,48,34,5,12,13,1,10,1,0,52,7,3,0,0,13,0,0,0,2,43,32
2043158,x,0,0,12,Aston Villa,Manchester City,86,3,7,8,0,12,1,0,44,3,0,0,0,19,0,0,0,0,43,28,8,7,8,0,5,1,0,56,6,3,2,0,27,0,0,0,1,57,44
2043159,2,0,1,12,AFC Bournemouth,Everton FC,520,16,10,14,0,5,3,0,67,9,5,0,0,26,0,0,0,6,74,41,0,12,13,1,14,2,0,33,1,0,0,0,19,0,0,0,0,49,10
2043160,2,0,1,12,Sunderland AFC,Watford FC,96,3,9,16,0,5,2,0,42,5,2,0,0,19,0,0,0,0,54,40,7,11,11,1,7,5,1,58,4,4,0,0,29,0,0,0,0,58,51
2043162,1,1,0,12,Norwich FC,Swansea FC,467,5,11,9,1,11,3,0,39,5,3,0,0,14,0,0,0,0,49,29,2,7,15,0,8,2,0,61,6,0,1,0,19,0,0,0,1,53,41
2043164,x,1,1,12,Arsenal FC,Tottenham Hotspur,81,7,12,20,1,11,1,0,54,4,3,1,0,33,0,0,0,0,69,36,6,16,13,1,8,3,0,46,11,5,0,0,24,0,0,0,1,67,34
2043165,1,2,1,12,Leicester City,Southampton FC,473,4,10,10,2,6,4,1,45,4,7,0,0,15,0,0,0,0,61,42,2,8,14,1,8,1,1,55,2,3,1,0,30,0,0,0,1,68,43
2043167,1,2,0,12,Manchester United,West Bromwich Albion,430,5,11,9,2,3,1,1,65,5,1,0,0,27,0,0,0,3,73,38,1,9,12,0,10,0,0,35,2,0,0,0,13,0,0,1,0,62,15
2043169,1,2,1,13,West Bromwich Albion,Arsenal FC,433,3,13,10,2,11,4,0,38,1,0,0,0,17,0,0,0,0,44,21,5,9,17,1,2,1,1,62,5,2,1,0,13,0,0,0,0,73,45
2043170,1,4,0,13,Newcastle United,Aston Villa,84,2,6,13,4,5,1,0,58,4,5,0,0,16,0,0,0,1,81,54,3,9,7,0,8,4,0,42,3,3,0,0,21,0,0,0,2,51,31
2043172,x,2,2,13,Swansea FC,AFC Bournemouth,456,4,8,13,2,10,0,1,43,2,2,0,0,26,0,0,0,1,75,36,5,8,8,2,2,5,0,57,5,2,0,0,26,0,0,0,2,76,41
2043173,2,0,3,13,Everton FC,Leicester City,92,4,9,13,0,9,1,0,50,4,6,0,0,28,0,0,0,1,50,42,9,11,10,3,7,1,0,50,4,7,1,0,30,0,0,0,1,63,53
2043175,2,1,4,13,Manchester City,Liverpool FC,87,11,5,17,1,7,1,0,62,4,2,0,0,37,0,0,0,3,74,50,5,12,6,4,5,5,0,38,3,6,0,0,17,0,0,0,1,59,43
2043177,2,1,2,13,Southampton FC,Manchester United,465,4,7,16,1,9,1,1,45,2,4,0,0,34,0,0,0,1,64,36,10,11,8,2,4,5,0,55,5,3,0,0,29,0,0,0,1,63,42
2043178,1,1,0,13,Chelsea FC,Norwich FC,83,6,4,16,1,3,5,0,64,9,6,1,0,24,0,0,0,4,95,55,5,12,9,0,17,4,0,36,1,2,0,0,21,0,0,0,0,55,23
2043180,2,0,1,13,Watford FC,Stoke City,468,7,8,10,0,14,0,0,59,11,1,0,0,26,0,0,0,0,62,37,3,8,8,1,13,2,0,41,10,3,0,0,18,0,0,0,1,56,32
2043182,2,0,1,13,Crystal Palace,Sunderland AFC,464,11,17,14,0,6,1,0,64,12,6,0,0,23,0,0,0,3,84,47,2,11,18,1,12,3,0,36,5,2,0,0,20,0,0,0,2,47,28
2043183,1,4,1,13,Tottenham Hotspur,West Ham United,91,7,13,11,4,5,3,0,57,6,8,2,0,26,0,0,0,2,80,44,6,8,16,1,7,3,0,43,4,4,1,0,32,0,0,0,0,71,29
2043185,x,1,1,14,Norwich FC,Arsenal FC,467,3,8,8,1,11,3,0,42,3,2,0,0,19,0,0,0,1,40,25,6,6,11,1,9,2,0,58,6,2,0,0,22,0,0,0,2,49,40
2043186,x,0,0,14,Tottenham Hotspur,Chelsea FC,91,4,14,13,0,5,2,0,53,4,3,0,0,38,0,0,0,2,63,28,4,9,16,0,5,4,0,47,5,0,0,0,30,0,0,0,0,43,21
2043188,x,3,3,14,AFC Bournemouth,Newcastle United,520,10,6,6,3,2,2,0,55,5,6,0,0,35,0,0,0,3,58,36,5,6,8,3,10,0,0,45,0,3,0,0,15,0,0,0,3,54,22
2043189,x,1,1,14,Leicester City,Manchester United,473,1,7,8,1,7,1,0,40,3,4,0,0,31,0,0,0,1,53,39,8,7,8,1,8,1,0,60,5,4,0,0,31,0,0,0,1,55,44
2043191,1,5,1,14,Crystal Palace,Everton FC,464,7,5,14,5,4,3,0,56,8,5,1,0,25,0,0,0,2,79,45,5,13,10,1,15,1,0,44,2,2,0,0,19,0,0,0,2,65,29
2043193,1,3,1,14,Manchester City,Watford FC,87,6,14,17,3,5,2,0,48,5,5,0,0,23,0,0,0,3,50,35,4,10,16,1,1,6,0,52,2,7,1,0,27,0,0,0,1,61,41
2043194,1,2,0,14,Sunderland AFC,Stoke City,96,9,4,13,2,10,0,0,52,6,5,0,0,12,0,0,0,1,66,54,5,10,4,0,13,3,0,48,3,3,0,0,20,0,1,0,0,49,40
2043195,1,1,0,14,Liverpool FC,Swansea FC,85,8,12,6,1,6,0,1,59,3,1,1,0,33,0,0,0,4,67,41,7,5,12,0,6,1,0,41,4,1,0,0,23,0,0,0,1,53,28
2043197,2,2,3,14,Aston Villa,Southampton FC,86,10,5,13,2,4,2,0,65,5,9,0,0,29,0,0,0,1,73,40,10,13,7,3,7,0,0,35,3,7,0,0,23,0,0,0,2,55,33
2043199,x,1,1,14,West Ham United,West Bromwich Albion,90,5,15,18,1,8,0,0,57,9,4,0,0,21,0,0,0,1,52,43,2,16,15,1,12,2,0,43,2,4,0,0,27,0,0,0,0,41,35
2043200,x,1,1,15,Watford FC,Aston Villa,468,10,4,9,1,4,3,0,61,11,8,0,0,26,0,0,0,1,53,43,4,9,7,1,13,0,0,39,3,3,0,0,23,0,0,0,1,45,25
2043202,2,0,1,15,Chelsea FC,AFC Bournemouth,83,11,10,14,0,8,2,0,59,7,9,0,0,25,0,0,0,2,90,53,4,13,12,1,15,1,0,41,6,6,0,0,22,0,0,0,1,63,28
2043204,x,1,1,15,Newcastle United,Crystal Palace,84,13,4,14,1,8,0,0,65,6,6,3,0,19,0,0,0,6,67,47,6,11,4,1,9,3,0,35,5,5,0,0,17,0,0,0,1,62,32
2043205,2,0,3,15,Swansea FC,Leicester City,456,3,3,21,0,10,2,0,57,3,2,2,0,21,0,0,0,0,74,50,8,19,5,3,6,2,0,43,6,1,0,0,22,0,0,0,2,81,43
2043207,1,2,0,15,Everton FC,Liverpool FC,92,2,7,12,2,15,0,0,44,3,0,0,0,22,0,0,0,0,51,41,7,10,7,0,7,2,0,56,5,2,0,0,28,0,0,0,0,57,52
2043209,1,2,0,15,Stoke City,Manchester City,432,1,11,10,2,8,2,0,54,1,2,1,0,21,0,0,0,0,45,30,6,10,13,0,6,0,0,46,3,2,0,0,37,0,0,0,1,53,36
2043211,1,2,0,15,Southampton FC,Norwich FC,465,4,10,14,2,7,4,1,50,6,4,0,0,39,0,0,0,1,96,40,1,8,15,0,7,5,0,50,3,4,0,0,30,0,0,0,0,103,47
2043212,1,3,1,15,Arsenal FC,Sunderland AFC,81,3,6,12,3,10,1,0,63,4,4,1,0,13,0,0,0,3,87,48,2,11,8,1,11,1,0,37,6,7,0,0,18,0,0,0,1,65,33
2043214,x,1,1,15,West Bromwich Albion,Tottenham Hotspur,433,3,13,11,1,8,2,0,45,1,3,0,0,24,0,0,0,0,59,26,6,10,15,1,7,1,0,55,3,2,0,0,20,0,0,0,1,60,29
2043216,x,0,0,15,Manchester United,West Ham United,430,6,10,14,0,6,2,0,61,11,1,0,0,30,0,0,0,2,71,36,2,13,12,0,15,1,0,39,3,1,2,0,18,0,0,0,1,62,18
2043218,2,0,2,16,Aston Villa,Arsenal FC,86,5,7,11,0,7,2,0,47,11,2,0,0,15,0,0,0,5,72,52,5,7,9,2,16,4,1,53,2,3,0,0,18,0,0,0,1,84,52
2043220,1,2,1,16,Leicester City,Chelsea FC,473,1,15,11,2,8,0,0,37,3,3,0,0,27,0,0,0,0,58,41,8,9,16,1,3,2,0,63,2,3,1,0,41,0,0,0,2,60,35
2043222,x,1,1,16,Norwich FC,Newcastle United,467,5,8,8,1,14,1,0,42,5,0,0,0,17,0,0,0,1,54,38,4,7,9,1,10,1,0,58,8,2,1,0,26,0,0,0,2,64,44
2043224,1,2,1,16,AFC Bournemouth,Manchester United,520,5,12,14,2,7,1,0,43,6,3,0,0,17,0,0,0,0,49,25,7,12,13,1,9,2,0,57,3,3,0,0,28,0,0,0,1,57,22
2043225,2,1,2,16,Tottenham Hotspur,Everton FC,91,6,13,18,1,7,2,0,56,10,6,0,0,40,0,0,0,3,71,39,2,14,15,2,12,4,0,44,2,1,0,0,29,0,0,0,2,49,28
2043227,1,1,0,16,Crystal Palace,Watford FC,464,8,12,13,1,10,3,0,49,4,6,0,0,29,0,0,0,3,83,34,5,12,15,0,10,0,0,51,7,4,0,0,28,0,0,0,3,75,36
2043229,x,0,0,16,West Ham United,Stoke City,90,11,7,9,0,11,1,0,51,7,12,1,0,24,0,0,0,4,71,53,7,9,8,0,12,0,0,49,5,3,1,0,22,0,0,0,0,58,37
2043230,1,2,1,16,Manchester City,Swansea FC,87,5,15,21,2,3,2,0,50,6,3,0,0,15,0,0,0,0,52,38,5,13,17,1,4,6,0,50,3,7,0,0,22,0,0,0,1,58,43
2043232,2,0,1,16,Sunderland AFC,Southampton FC,96,8,6,12,0,6,2,0,51,11,4,0,0,19,0,0,0,0,72,58,3,10,8,1,21,2,0,49,2,2,1,0,22,0,0,0,0,45,38
2043233,x,2,2,16,Liverpool FC,West Bromwich Albion,85,4,7,11,2,6,1,0,61,12,6,0,0,21,0,0,0,7,77,52,4,10,8,2,16,1,0,39,2,0,0,0,16,0,0,0,0,46,20
2043235,x,1,1,17,Everton FC,Aston Villa,92,3,9,14,1,5,0,0,51,5,4,0,0,29,0,0,0,0,59,48,7,14,9,1,10,0,0,49,3,7,0,0,28,0,0,0,0,50,40
2043237,2,1,2,17,West Bromwich Albion,AFC Bournemouth,433,4,10,12,1,5,0,0,37,2,1,0,0,26,0,0,2,1,47,29,8,9,10,2,5,3,1,63,6,4,1,0,25,0,0,0,1,50,37
2043238,2,1,2,17,Stoke City,Crystal Palace,432,7,5,12,1,7,0,1,52,3,5,0,0,27,0,0,0,4,54,36,3,11,5,2,15,1,1,48,4,2,0,0,26,0,0,0,1,38,24
2043240,2,2,3,17,Newcastle United,Leicester City,84,10,4,16,2,11,2,0,64,5,4,0,0,27,0,0,0,2,80,44,2,14,6,3,11,2,2,36,5,3,0,0,25,0,0,0,0,64,25
2043242,1,3,0,17,Southampton FC,Liverpool FC,465,7,6,19,3,10,1,0,43,0,4,0,0,30,0,0,0,1,72,31,9,9,7,0,6,10,0,57,6,5,0,0,28,0,0,0,2,85,41
2043243,1,2,1,17,Arsenal FC,Manchester City,81,4,5,16,2,9,3,0,40,3,2,0,0,18,0,0,0,0,83,36,8,15,8,1,9,0,0,60,5,5,0,0,18,0,0,0,4,88,41
2043245,2,1,2,17,Manchester United,Norwich FC,430,11,4,12,1,3,2,0,67,5,1,0,0,31,0,0,0,0,72,45,0,11,6,2,12,1,0,33,2,1,0,0,19,0,0,0,0,51,17
2043247,1,3,1,17,Chelsea FC,Sunderland AFC,83,2,12,14,3,12,0,1,61,6,5,0,0,26,0,0,0,3,88,45,2,11,12,1,8,3,0,39,7,2,0,0,23,0,0,0,1,64,35
2043249,2,0,2,17,Watford FC,Tottenham Hotspur,468,4,19,11,0,8,4,0,47,1,6,0,0,28,0,0,0,2,63,40,7,9,23,2,5,2,0,53,3,2,0,0,31,0,0,0,0,56,30
2043251,x,0,0,17,Swansea FC,West Ham United,456,8,5,11,0,6,4,0,65,7,10,0,0,37,0,0,0,3,77,53,9,10,9,0,9,1,0,35,3,8,0,0,17,0,0,0,0,52,33
2043253,1,4,0,18,Watford FC,Arsenal FC,468,3,10,10,4,6,6,0,44,3,1,1,0,21,0,0,0,3,55,42,4,9,16,0,7,1,0,56,2,4,0,0,25,0,0,0,0,49,34
2043255,x,0,0,18,AFC Bournemouth,Crystal Palace,520,8,10,14,0,10,2,0,52,3,3,0,0,23,0,0,0,2,53,25,9,13,12,0,10,1,0,48,3,3,0,0,22,0,0,0,2,41,17
2043256,2,0,1,18,Everton FC,Newcastle United,92,3,16,15,0,9,0,0,40,5,1,0,0,15,0,0,0,2,51,42,7,12,16,1,8,3,0,60,4,6,0,0,11,0,0,0,3,76,60
2043258,1,1,0,18,Liverpool FC,Leicester City,85,7,12,9,1,6,4,0,61,10,5,0,0,33,0,0,0,5,73,55,6,8,16,0,12,1,0,39,2,3,0,0,34,0,0,0,0,72,29
2043260,1,2,0,18,Stoke City,Manchester United,432,1,14,16,2,7,3,0,47,4,2,0,0,20,0,0,0,2,37,22,12,15,17,0,10,1,0,53,2,6,0,0,29,0,0,0,0,51,40
2043262,1,3,0,18,Tottenham Hotspur,Norwich FC,91,9,4,20,3,8,3,1,59,5,5,0,0,24,0,0,0,3,55,32,4,12,7,0,5,8,0,41,7,1,0,0,36,0,0,0,0,45,24
2043263,1,4,1,18,Manchester City,Sunderland AFC,87,5,10,11,4,5,3,1,63,4,4,0,0,22,0,0,0,2,68,56,1,10,13,1,9,1,0,37,4,4,0,0,10,0,0,0,0,57,38
2043265,x,2,2,18,Chelsea FC,Southampton FC,83,9,5,15,2,5,2,1,59,7,1,0,0,27,0,0,0,3,68,41,4,14,7,2,15,1,1,41,4,2,0,0,17,0,0,0,2,63,24
2043267,1,1,0,18,Swansea FC,West Bromwich Albion,456,0,10,16,1,8,1,0,49,1,1,0,0,19,0,0,0,1,76,33,7,15,11,0,4,1,0,51,5,3,0,0,37,0,0,0,1,83,42
2043268,x,1,1,18,Aston Villa,West Ham United,86,9,13,13,1,8,3,1,58,5,5,0,0,28,0,0,0,2,56,40,6,12,16,1,10,1,0,42,4,3,1,0,25,0,0,0,0,56,36
2043270,1,2,0,19,Norwich FC,Aston Villa,467,3,10,21,2,9,2,0,50,4,2,0,0,10,0,0,0,1,81,33,8,21,12,0,6,0,0,50,2,2,0,0,26,0,0,0,0,79,46
2043272,1,2,0,19,Arsenal FC,AFC Bournemouth,81,9,7,9,2,7,1,0,52,8,4,1,0,14,0,0,0,0,80,43,3,8,8,0,11,1,0,48,2,4,0,0,18,0,0,0,4,62,35
2043273,x,0,0,19,Manchester United,Chelsea FC,430,5,16,6,0,6,2,0,63,3,1,2,0,20,0,0,0,2,76,42,3,6,18,0,12,0,0,37,5,0,0,0,19,0,0,0,0,57,16
2043275,2,0,1,19,Sunderland AFC,Liverpool FC,96,6,8,16,0,10,1,0,49,3,2,0,0,37,0,0,0,0,48,39,4,15,9,1,7,0,0,51,7,4,1,0,33,0,0,0,0,57,41
2043277,x,0,0,19,Leicester City,Manchester City,473,1,11,9,0,11,1,0,43,6,4,0,0,28,0,0,0,0,54,33,13,8,12,0,8,1,0,57,7,7,0,0,27,0,0,0,4,53,41
2043279,1,1,0,19,West Bromwich Albion,Everton FC,433,17,7,14,1,5,3,0,58,4,4,1,0,25,0,0,0,3,58,36,6,13,10,0,8,1,0,42,2,2,1,0,15,0,0,0,3,38,24
2043281,1,2,1,19,West Ham United,Watford FC,90,4,5,14,2,10,1,0,47,6,5,0,0,24,0,0,0,1,61,42,7,12,7,1,11,2,0,53,6,3,0,0,32,0,0,0,2,75,54
2043283,2,3,4,19,Newcastle United,Stoke City,84,6,9,17,3,4,2,0,52,6,2,0,0,22,0,0,0,4,71,47,2,11,11,4,10,5,1,48,1,1,0,0,14,0,0,0,2,67,38
2043284,x,0,0,19,Crystal Palace,Swansea FC,464,7,11,16,0,5,4,0,54,5,3,0,0,33,0,0,0,1,54,34,4,15,15,0,12,0,0,46,1,3,0,0,24,0,0,0,0,35,18
2043286,2,1,2,19,Southampton FC,Tottenham Hotspur,465,5,12,13,1,11,2,0,40,3,1,0,0,24,0,0,1,4,68,22,3,11,14,2,6,1,0,60,5,1,0,0,35,0,0,0,0,89,37
2043288,1,3,1,20,Sunderland AFC,Aston Villa,96,3,8,15,3,6,2,0,46,4,3,0,0,27,0,0,0,1,58,47,3,13,10,1,6,2,0,54,5,1,0,0,24,0,0,0,0,58,44
2043289,x,0,0,20,Leicester City,AFC Bournemouth,473,7,8,6,0,5,0,1,58,11,3,1,0,30,0,0,0,1,79,51,1,4,9,0,20,2,0,42,5,0,0,0,23,0,0,1,5,44,27
2043291,2,0,3,20,Crystal Palace,Chelsea FC,464,5,12,15,0,7,0,0,42,3,4,0,0,26,0,0,0,1,75,37,7,14,12,3,9,0,0,58,3,3,0,0,21,0,0,0,1,77,37
2043293,1,2,0,20,West Ham United,Liverpool FC,90,3,10,12,2,12,1,0,38,5,7,1,0,21,0,0,0,0,25,19,9,8,12,0,5,4,0,62,8,3,1,0,29,0,0,0,4,52,44
2043295,2,1,2,20,Southampton FC,Manchester City,465,4,6,11,1,12,1,0,48,5,3,0,0,36,0,0,0,1,43,25,5,9,7,2,6,1,0,52,8,3,0,0,30,0,0,0,1,42,32
2043297,1,1,0,20,Arsenal FC,Everton FC,81,7,10,9,1,8,2,0,50,8,3,1,0,22,0,0,0,2,73,37,4,8,12,0,15,1,0,50,6,5,0,0,15,0,0,0,4,77,41
2043299,1,1,0,20,Norwich FC,Watford FC,467,4,11,9,1,11,2,0,43,5,0,0,0,22,0,0,0,1,61,42,9,7,13,0,8,2,0,57,5,1,0,0,20,0,1,0,1,80,50
2043301,1,2,1,20,West Bromwich Albion,Stoke City,433,4,7,16,2,5,1,0,52,4,3,0,0,24,0,0,0,0,55,33,6,14,8,1,11,1,0,48,0,3,0,0,22,0,0,1,2,50,24
2043302,1,2,1,20,Manchester United,Swansea FC,430,4,13,11,2,7,1,0,55,6,7,0,0,24,0,0,0,5,79,39,2,10,15,1,5,1,0,45,3,4,1,0,20,0,0,0,3,55,30
2043304,x,1,1,20,Newcastle United,Tottenham Hotspur,84,4,9,12,1,11,3,0,40,5,2,0,0,17,0,0,0,4,69,36,4,11,12,1,6,1,0,60,3,4,2,0,23,0,0,0,7,89,55
2043306,x,3,3,21,Liverpool FC,Arsenal FC,85,9,9,12,3,6,4,0,59,6,8,0,0,33,0,0,0,6,76,54,3,7,13,3,12,5,0,41,4,5,0,0,10,0,0,0,2,69,28
2043308,1,1,0,21,Aston Villa,Crystal Palace,86,9,15,14,1,7,2,0,48,7,2,0,0,26,0,0,0,3,75,50,0,8,17,0,5,5,0,52,4,1,1,0,37,0,0,0,1,82,46
2043309,2,2,4,21,Swansea FC,Sunderland AFC,456,8,9,13,2,7,2,1,50,3,2,0,0,21,0,0,1,0,68,39,6,11,11,4,7,2,0,50,1,0,1,0,13,0,0,0,0,74,47
2043311,2,1,3,21,AFC Bournemouth,West Ham United,520,4,8,10,1,6,0,0,49,3,4,0,0,31,0,0,0,2,50,23,7,5,8,3,7,5,0,51,3,1,2,0,34,0,0,0,1,56,28
2043313,x,0,0,21,Manchester City,Newcastle United,87,12,5,10,0,4,3,0,59,11,7,0,0,16,0,0,0,5,58,49,5,5,8,0,14,4,0,41,5,2,0,0,7,0,0,0,0,47,38
2043315,2,0,1,21,Tottenham Hotspur,Leicester City,91,16,13,12,0,6,2,0,60,10,3,1,0,35,0,0,0,3,80,50,8,11,15,1,11,1,0,40,5,0,0,0,19,0,0,0,4,44,22
2043316,x,3,3,21,Everton FC,Manchester United,92,5,9,12,3,8,3,1,55,4,5,0,0,22,0,0,0,1,57,44,3,11,12,3,8,1,1,45,4,2,0,0,23,0,0,0,0,49,42
2043318,1,3,1,21,Stoke City,Norwich FC,432,7,4,8,3,7,2,0,60,6,4,0,0,17,0,0,0,2,67,50,3,7,6,1,9,1,0,40,3,3,0,0,26,0,0,1,1,39,28
2043320,1,2,0,21,Watford FC,Southampton FC,468,8,9,14,2,1,4,0,55,6,3,1,0,16,0,0,0,0,66,51,1,11,13,0,12,3,0,45,0,2,0,0,20,0,0,0,1,58,29
2043321,x,2,2,21,Chelsea FC,West Bromwich Albion,83,7,13,9,2,9,1,0,55,9,5,0,0,21,0,0,0,1,80,47,7,8,14,2,10,1,0,45,6,6,0,0,17,0,0,0,0,88,40
2043323,x,0,0,22,Stoke City,Arsenal FC,432,6,15,8,0,7,8,0,49,7,6,0,0,27,0,0,0,4,58,34,6,8,23,0,10,0,0,51,2,3,0,0,19,0,0,0,4,46,25
2043324,1,4,0,22,Manchester City,Crystal Palace,87,5,9,12,4,7,0,0,52,6,0,0,0,15,0,0,0,6,61,40,6,10,10,0,10,1,0,48,4,4,0,0,27,0,0,0,1,62,36
2043326,x,3,3,22,Chelsea FC,Newcastle United,83,6,12,6,3,4,3,0,54,3,7,0,0,12,0,0,0,1,98,57,4,4,15,3,6,1,0,46,2,3,1,0,16,0,0,0,1,86,37
2043328,x,1,1,22,Aston Villa,Leicester City,86,3,11,19,1,11,1,0,54,6,5,0,0,31,0,0,0,2,63,39,4,13,13,1,7,4,1,46,4,2,0,0,24,0,0,0,2,50,36
2043329,2,0,1,22,Liverpool FC,Manchester United,85,5,6,17,0,7,3,0,50,10,7,0,0,23,0,0,0,2,70,40,4,15,9,1,19,0,0,50,4,0,1,0,26,0,0,0,1,71,32
2043331,1,3,0,22,AFC Bournemouth,Norwich FC,520,5,8,16,3,5,1,1,46,5,6,0,0,28,0,0,0,0,43,25,3,12,9,0,8,4,0,54,4,3,0,0,28,0,0,0,2,61,31
2043333,1,4,1,22,Tottenham Hotspur,Sunderland AFC,91,11,8,15,4,4,1,1,65,11,4,0,0,24,0,0,0,3,87,47,3,12,9,1,12,3,0,35,3,1,0,0,22,0,0,0,0,39,19
2043334,1,1,0,22,Swansea FC,Southampton FC,456,6,8,11,1,8,6,0,56,3,1,1,0,26,0,0,0,0,73,44,3,11,14,0,8,0,0,44,7,2,0,0,31,0,0,0,3,68,26
2043336,1,3,0,22,Watford FC,West Bromwich Albion,468,1,9,13,3,9,3,1,52,2,1,0,0,22,0,0,0,1,55,30,3,9,13,0,7,3,0,48,7,0,0,0,21,0,0,0,0,60,37
2043338,1,2,1,22,Everton FC,West Ham United,92,3,9,7,2,5,1,0,50,7,10,0,0,28,0,0,0,2,68,51,3,5,11,1,12,2,0,50,3,2,0,0,26,0,0,0,2,61,41
2043339,x,0,0,23,West Bromwich Albion,Aston Villa,433,2,7,14,0,10,1,0,43,3,0,0,0,23,0,0,0,1,53,38,6,13,8,0,7,1,0,57,7,4,0,0,23,0,0,0,1,64,45
2043340,x,1,1,23,Sunderland AFC,AFC Bournemouth,96,3,5,10,1,14,2,0,48,1,6,0,0,24,0,0,0,1,64,47,4,9,7,1,5,1,0,52,8,3,0,0,28,0,0,0,0,63,54
2043342,2,0,1,23,Arsenal FC,Chelsea FC,81,6,15,20,0,4,1,0,48,4,1,0,0,22,0,0,1,1,74,37,7,12,16,1,7,7,0,52,3,6,0,0,21,0,0,0,2,79,42
2043344,2,4,5,23,Norwich FC,Liverpool FC,467,3,10,17,4,5,1,1,49,1,2,0,0,33,0,0,0,0,55,42,3,11,11,5,4,4,0,51,2,2,0,0,28,0,0,0,3,63,53
2043346,x,2,2,23,West Ham United,Manchester City,90,5,11,16,2,4,1,0,46,4,1,1,0,21,0,0,0,1,66,28,2,15,12,2,9,1,1,54,2,3,2,0,23,0,0,0,8,64,34
2043347,1,2,1,23,Southampton FC,Everton FC,465,2,7,12,2,14,1,0,54,4,2,0,0,24,0,0,0,1,50,36,7,12,8,1,9,0,0,46,6,0,0,0,15,0,0,0,0,45,33
2043349,2,0,1,23,Manchester United,Watford FC,430,4,11,9,0,9,2,0,51,4,1,0,0,36,0,0,0,1,61,25,4,9,13,1,11,0,0,49,4,0,0,0,29,0,0,0,0,78,29
2043351,1,3,0,23,Leicester City,Stoke City,473,8,9,13,3,3,1,0,50,7,4,0,0,33,0,0,0,0,57,39,4,13,11,0,11,0,0,50,0,2,0,0,27,0,0,0,1,51,32
2043353,2,1,2,23,Newcastle United,Swansea FC,84,7,4,12,1,6,2,0,62,7,4,1,0,26,0,0,0,4,81,46,1,12,6,2,14,0,1,38,1,3,0,0,13,0,0,0,0,65,33
2043354,2,1,3,23,Crystal Palace,Tottenham Hotspur,464,3,11,14,1,7,0,0,40,3,5,2,0,26,0,0,0,3,71,31,10,12,11,3,5,2,0,60,6,8,1,0,28,0,0,0,6,91,50
2043356,1,2,0,24,West Ham United,Aston Villa,90,5,9,11,2,5,5,0,64,15,4,0,0,17,0,0,0,1,95,65,5,11,14,0,21,0,0,36,1,2,0,0,17,0,0,1,1,49,18
2043357,2,1,2,24,Crystal Palace,AFC Bournemouth,464,5,11,15,1,4,3,0,52,7,5,0,0,32,0,0,0,3,102,50,3,15,14,2,10,0,0,48,4,1,0,0,24,0,0,0,2,65,31
2043359,x,0,0,24,Southampton FC,Chelsea FC,465,7,8,15,0,5,0,0,48,4,5,0,0,27,0,0,0,1,97,32,7,13,9,0,4,2,0,52,5,2,0,0,16,0,0,0,2,97,50
2043361,1,2,0,24,Leicester City,Liverpool FC,473,3,6,9,2,9,3,0,41,3,4,0,0,23,0,0,0,2,53,36,12,7,9,0,6,2,0,59,8,4,0,0,31,0,0,0,3,53,38
2043362,2,0,1,24,Sunderland AFC,Manchester City,96,8,6,17,0,8,3,0,50,4,2,1,0,26,0,0,0,0,61,47,4,15,9,1,11,2,0,50,3,2,0,0,20,0,0,0,0,44,40
2043364,x,0,0,24,Arsenal FC,Watford FC,81,13,11,21,0,7,0,0,61,3,6,0,0,18,0,0,0,2,81,44,3,17,11,0,10,2,0,39,2,6,0,0,27,0,0,0,3,72,37
2043365,1,3,0,24,Manchester United,Stoke City,430,2,13,14,3,7,3,0,47,6,2,0,0,19,0,0,0,0,63,34,5,13,16,0,7,1,0,53,4,0,0,0,23,0,0,0,1,82,32
2043367,x,1,1,24,West Bromwich Albion,Swansea FC,433,7,12,13,1,10,2,0,47,8,4,0,0,22,0,0,0,0,53,33,7,13,14,1,12,0,0,53,7,3,1,0,13,0,0,0,1,56,28
2043369,2,0,3,24,Norwich FC,Tottenham Hotspur,467,6,7,9,0,11,5,0,45,7,1,0,0,30,0,0,0,1,79,39,8,9,12,3,8,0,1,55,7,1,2,0,23,0,0,0,1,79,45
2043370,1,3,0,24,Newcastle United,Everton FC,84,3,7,13,3,6,0,2,57,9,4,3,0,30,0,0,0,1,76,45,3,12,8,0,13,1,0,43,2,4,0,0,28,0,0,1,2,59,32
2043372,2,0,2,25,AFC Bournemouth,Arsenal FC,520,7,5,14,0,4,3,0,53,9,4,0,0,35,0,0,0,5,69,40,3,8,9,2,12,6,0,47,2,3,0,0,17,0,0,0,3,64,34
2043373,x,1,1,25,Swansea FC,Crystal Palace,456,9,11,15,1,7,1,0,56,8,7,0,0,33,0,0,0,2,63,45,5,15,12,1,11,0,0,44,5,8,0,0,20,0,0,0,0,49,30
2043375,2,0,3,25,Stoke City,Newcastle United,432,5,10,10,0,5,2,0,58,6,2,0,0,24,0,0,0,2,58,45,4,8,12,3,8,2,1,42,1,4,1,0,23,0,0,0,4,27,16
2043377,2,1,3,25,Manchester City,Leicester City,87,11,9,16,1,4,1,0,63,12,3,0,0,41,0,0,0,2,67,54,4,14,10,3,14,1,0,37,2,3,0,0,15,0,0,0,1,60,40
2043379,x,1,1,25,Chelsea FC,Manchester United,83,10,6,10,1,8,1,0,51,7,5,0,0,26,0,0,0,4,73,39,11,9,7,1,16,1,0,49,8,6,0,0,30,0,0,0,3,77,39
2043380,1,2,0,25,Aston Villa,Norwich FC,86,2,10,16,2,9,1,0,49,3,1,0,0,23,0,0,0,3,78,49,11,12,11,0,7,4,0,51,4,8,0,0,35,0,0,0,1,70,44
2043382,x,2,2,25,Liverpool FC,Sunderland AFC,85,7,4,14,2,8,3,0,70,8,3,0,0,31,0,0,0,0,83,55,2,11,7,2,12,2,0,30,4,0,0,0,23,0,0,0,1,48,25
2043383,1,1,0,25,Tottenham Hotspur,Southampton FC,91,15,12,12,1,4,2,0,65,12,5,0,0,23,0,0,0,3,75,41,1,9,14,0,11,3,0,35,3,0,0,0,31,0,0,0,0,34,15
2043385,1,1,0,25,Everton FC,West Bromwich Albion,92,8,11,14,1,8,0,0,67,3,8,1,0,26,0,0,0,2,70,60,4,12,13,0,10,2,0,33,3,1,0,0,19,0,0,0,1,41,34
2043387,1,1,0,25,Watford FC,West Ham United,468,4,17,13,1,9,0,0,32,3,1,0,0,16,0,0,1,1,40,23,5,10,17,0,6,3,0,68,7,4,0,0,28,0,0,0,2,45,34
2043388,1,2,1,26,Arsenal FC,Leicester City,81,11,7,12,2,3,5,0,66,14,3,0,0,29,0,0,0,5,67,45,1,9,13,1,17,2,1,34,2,3,0,0,16,0,1,0,0,63,21
2043390,2,0,6,26,Aston Villa,Liverpool FC,86,0,10,10,0,4,0,0,39,2,3,0,0,16,0,0,0,1,51,26,6,9,10,6,6,1,0,61,1,4,0,0,18,0,0,0,0,53,33
2043392,1,2,1,26,Sunderland AFC,Manchester United,96,6,5,21,2,13,2,0,41,8,3,0,0,17,0,0,0,1,57,47,8,15,8,1,14,6,0,59,1,4,0,0,20,0,0,0,1,66,61
2043394,1,5,1,26,Chelsea FC,Everton FC,83,8,12,16,5,5,2,0,52,4,4,0,0,16,0,0,0,3,90,39,5,16,14,1,6,0,0,48,3,3,0,0,23,0,0,0,2,71,28
2043396,2,0,1,26,Swansea FC,Watford FC,456,5,10,14,0,6,0,0,57,7,2,0,0,24,0,0,0,0,90,57,4,12,10,1,12,2,0,43,4,4,0,0,31,0,0,0,3,83,42
2043398,2,1,3,26,AFC Bournemouth,Stoke City,520,9,7,20,1,7,1,0,65,3,5,0,0,22,0,0,0,2,58,46,2,18,9,3,11,2,0,35,3,3,0,0,21,0,0,0,1,51,28
2043399,2,1,2,26,Manchester City,Tottenham Hotspur,87,7,10,18,1,5,4,0,49,7,3,1,0,29,0,0,0,3,73,49,1,15,15,2,9,1,1,51,3,1,0,0,16,0,0,0,0,80,42
2043401,2,1,2,26,Crystal Palace,Southampton FC,464,8,15,14,1,7,6,0,51,6,4,1,0,35,0,0,1,1,48,39,3,11,21,2,13,0,1,49,2,2,0,0,25,0,0,0,0,43,24
2043404,2,0,1,26,Newcastle United,West Bromwich Albion,84,14,10,14,0,6,1,0,76,13,7,2,0,24,0,0,0,6,74,55,1,12,11,1,17,2,0,24,3,0,0,0,12,0,0,0,0,36,14
2043405,x,2,2,26,Norwich FC,West Ham United,467,3,16,19,2,9,3,0,40,9,2,0,0,20,0,0,0,0,59,49,3,11,19,2,12,8,0,60,6,3,0,0,26,0,0,0,0,76,59
2043407,1,3,2,27,Manchester United,Arsenal FC,430,2,21,16,3,7,2,0,39,1,2,0,0,17,0,0,0,1,54,31,3,15,23,2,4,1,0,61,2,2,0,0,27,0,0,0,1,77,32
2043409,1,2,1,27,Stoke City,Aston Villa,432,11,6,15,2,3,3,1,56,3,2,0,0,27,0,0,0,4,56,39,0,14,9,1,7,1,0,44,5,0,0,0,19,0,0,0,1,38,25
2043411,x,0,0,27,Southampton FC,AFC Bournemouth,465,4,15,19,0,13,2,0,47,7,2,0,0,22,0,0,0,1,48,23,5,16,17,0,9,3,0,53,5,3,0,0,28,0,0,0,0,46,30
2043413,2,1,2,27,Watford FC,Chelsea FC,468,7,10,13,1,12,5,0,40,3,2,0,0,13,0,0,0,1,49,36,8,11,15,2,6,2,0,60,10,2,0,0,13,0,0,0,0,51,40
2043415,1,3,2,27,West Bromwich Albion,Crystal Palace,433,3,14,17,3,11,1,0,50,3,1,2,0,20,0,0,0,0,66,37,6,16,15,2,8,1,0,50,6,1,0,0,17,0,0,0,1,52,28
2043417,1,4,0,27,Liverpool FC,Newcastle United,85,9,7,11,4,3,2,0,63,11,11,0,0,20,0,0,0,6,79,63,1,10,9,0,18,1,0,37,2,0,0,0,18,0,0,1,1,48,18
2043419,x,1,1,27,Everton FC,Manchester City,92,5,13,11,1,4,2,0,49,2,3,0,0,27,0,0,0,0,64,51,3,8,15,1,5,3,0,51,3,4,0,0,33,0,0,0,0,55,49
2043421,1,1,0,27,Leicester City,Norwich FC,473,3,9,15,1,5,1,0,58,5,3,0,0,29,0,0,0,3,78,53,4,10,10,0,11,4,0,42,5,1,0,0,27,0,0,0,2,57,38
2043423,1,1,0,27,West Ham United,Sunderland AFC,90,5,11,11,1,13,0,0,50,3,2,2,0,26,0,0,0,0,54,42,6,6,11,0,8,2,0,50,6,3,1,0,39,0,0,0,1,53,37
2043425,1,2,1,27,Tottenham Hotspur,Swansea FC,91,7,11,17,2,6,3,0,60,13,10,1,0,36,0,0,0,2,89,55,7,14,14,1,20,3,0,40,3,2,0,0,13,0,0,0,1,41,16
2043427,2,1,2,28,Norwich FC,Chelsea FC,467,4,17,7,1,6,3,0,50,8,2,1,0,26,0,0,0,1,77,64,4,5,20,2,15,2,0,50,5,1,0,0,16,0,0,0,3,57,40
2043429,x,2,2,28,Sunderland AFC,Crystal Palace,96,4,10,15,2,9,0,0,58,5,5,0,0,29,0,0,0,0,58,46,5,13,11,2,14,2,0,42,5,3,0,0,17,0,0,0,0,53,41
2043431,2,1,3,28,Aston Villa,Newcastle United,86,9,8,8,1,1,0,0,51,6,7,0,0,26,0,0,0,2,56,47,8,7,8,3,9,1,0,49,3,2,0,0,17,0,0,0,0,47,28
2043433,1,3,0,28,Liverpool FC,Manchester City,85,3,14,15,3,6,4,0,51,3,4,0,0,18,0,0,0,1,76,39,2,14,18,0,11,1,0,49,4,2,0,0,24,0,0,0,0,72,30
2043435,1,2,0,28,AFC Bournemouth,Watford FC,520,10,11,22,2,7,1,0,48,3,1,0,0,24,0,0,0,1,41,26,2,18,12,0,9,3,0,52,3,0,0,0,30,0,0,0,1,57,22
2043436,2,1,2,28,Arsenal FC,Swansea FC,81,7,8,14,1,5,3,0,60,5,8,3,0,23,0,0,0,4,85,48,3,11,11,2,8,3,0,40,4,0,0,0,17,0,0,0,2,61,32
2043439,1,1,0,28,West Ham United,Tottenham Hotspur,90,6,10,13,1,13,7,0,46,5,2,0,0,32,0,0,0,5,65,43,3,11,17,0,12,2,0,54,6,4,0,0,29,0,0,0,0,48,35
2043441,1,1,0,28,Manchester United,Southampton FC,430,9,7,17,1,12,2,0,58,3,1,0,0,25,0,0,0,4,67,34,7,17,9,0,10,0,0,42,6,1,0,0,16,0,0,0,1,67,32
2043443,x,2,2,28,Leicester City,West Bromwich Albion,473,11,9,12,2,8,1,0,62,9,5,2,0,26,0,0,0,3,58,44,3,8,11,2,16,4,0,38,5,0,0,0,27,0,0,0,1,42,27
2043444,1,1,0,28,Stoke City,Everton FC,432,5,10,7,1,4,1,0,50,6,3,1,0,14,0,0,0,0,48,32,1,6,11,0,8,1,0,50,1,3,0,0,26,0,0,0,0,37,24
2043446,x,2,2,29,Tottenham Hotspur,Arsenal FC,91,9,10,11,2,1,2,0,55,11,10,0,0,34,0,0,0,3,66,38,2,10,12,2,8,1,0,45,2,2,0,0,27,0,1,0,3,57,31
2043448,1,4,0,29,Manchester City,Aston Villa,87,9,10,9,4,2,2,1,70,9,6,0,0,15,0,0,0,5,90,66,1,9,12,0,12,0,0,30,0,1,0,0,10,0,0,0,1,63,31
2043449,2,1,3,29,Everton FC,AFC Bournemouth,92,5,14,9,1,8,1,0,45,4,5,0,0,18,0,0,0,0,52,41,4,8,15,3,8,1,0,55,4,3,0,0,31,0,0,0,4,56,46
2043451,2,0,1,29,Southampton FC,Leicester City,465,3,11,12,0,12,1,0,54,3,5,1,0,23,0,0,0,0,65,45,8,11,12,1,7,1,0,46,7,6,0,0,23,0,0,0,0,57,45
2043452,2,1,2,29,Crystal Palace,Liverpool FC,464,6,11,18,1,8,2,0,46,4,4,1,0,20,0,0,0,2,91,46,6,15,14,2,7,2,1,54,6,4,1,0,14,0,1,0,3,91,43
2043454,1,1,0,29,West Bromwich Albion,Manchester United,433,4,8,8,1,3,5,0,48,4,3,0,0,29,0,0,0,0,60,38,5,7,13,0,11,1,0,52,2,1,0,0,20,0,1,0,3,49,31
2043456,1,1,0,29,Swansea FC,Norwich FC,456,5,14,18,1,7,3,0,52,5,3,0,0,30,0,0,0,0,75,34,0,15,17,0,9,3,0,48,3,3,0,0,24,0,0,0,1,84,32
2043458,x,1,1,29,Chelsea FC,Stoke City,83,8,8,14,1,8,3,0,49,8,7,0,0,21,0,0,0,5,84,50,4,10,11,1,13,4,0,51,6,6,0,0,23,0,0,0,4,97,48
2043460,x,1,1,29,Watford FC,Sunderland AFC,468,12,8,8,1,8,2,0,59,4,5,0,0,18,0,0,1,5,65,43,2,7,10,1,12,1,0,41,4,2,1,0,18,0,0,0,1,68,30
2043462,2,2,3,29,Newcastle United,West Ham United,84,9,12,14,2,12,1,1,47,1,6,0,0,16,0,1,0,3,74,38,6,11,13,3,3,2,0,53,7,6,0,0,14,0,0,0,3,80,49
2043464,x,1,1,30,Liverpool FC,Chelsea FC,85,7,11,14,1,5,1,0,55,11,9,0,0,24,0,0,0,3,77,51,3,12,12,1,11,2,0,45,2,6,0,0,22,0,0,0,2,67,44
2043466,1,2,0,30,Manchester United,Crystal Palace,430,10,13,8,2,2,3,0,60,2,5,0,0,19,0,0,0,1,70,44,2,7,16,0,10,1,0,40,1,0,0,0,27,0,0,0,1,54,21
2043468,1,3,0,30,Sunderland AFC,Newcastle United,96,5,15,8,3,7,2,0,46,3,5,0,0,19,0,0,0,1,67,51,5,6,17,0,7,1,0,54,4,6,1,0,20,0,0,0,0,58,46
2043470,x,0,0,30,Norwich FC,Manchester City,467,3,16,11,0,9,2,0,36,2,0,1,0,23,0,0,0,0,60,35,8,10,18,0,6,1,0,64,4,1,0,0,21,0,0,0,4,92,60
2043472,1,1,0,30,Leicester City,Everton FC,473,8,4,10,1,9,0,0,53,6,0,0,0,33,0,0,0,2,72,42,4,9,4,0,6,1,0,47,8,3,0,0,26,0,0,0,0,60,44
2043475,2,1,2,30,Stoke City,Watford FC,432,1,13,13,1,6,0,0,56,7,1,0,0,24,0,0,0,1,56,40,4,11,13,2,15,1,0,44,3,2,1,0,24,0,0,1,1,41,23
2043476,1,3,2,30,AFC Bournemouth,Swansea FC,520,5,12,12,3,9,2,0,45,2,2,1,0,29,0,0,0,2,59,28,3,11,14,2,8,1,0,55,6,1,0,0,31,0,0,0,1,51,25
2043478,2,0,2,30,Aston Villa,Tottenham Hotspur,86,5,6,9,0,7,3,0,44,3,2,1,0,26,0,0,0,1,63,40,8,7,9,2,9,2,0,56,7,5,2,0,22,0,0,0,2,60,43
2043481,1,3,1,30,West Ham United,Southampton FC,90,4,10,17,3,7,2,2,54,4,6,0,0,25,0,0,0,3,60,43,2,15,13,1,9,2,1,46,2,3,0,0,22,0,1,0,1,46,31
2043483,1,2,0,30,Arsenal FC,West Bromwich Albion,81,2,14,14,2,3,3,0,60,8,6,0,0,17,0,0,0,0,95,50,6,14,17,0,15,0,0,40,4,2,1,0,14,0,0,0,0,68,26
2043484,2,0,2,31,Newcastle United,Arsenal FC,84,7,6,13,0,6,1,0,56,3,3,1,0,27,0,0,0,2,69,41,5,10,7,2,8,3,0,44,4,3,0,0,19,0,0,0,0,72,40
2043486,1,1,0,31,Swansea FC,Aston Villa,456,4,9,10,1,7,3,0,52,6,0,0,0,27,0,0,0,4,60,33,6,10,12,0,7,0,0,48,4,2,0,0,32,0,0,0,6,55,32
2043488,1,3,0,31,Tottenham Hotspur,AFC Bournemouth,91,4,11,11,3,4,3,0,55,8,4,0,0,25,0,0,0,1,74,40,5,6,14,0,14,5,0,45,2,0,0,0,35,0,0,0,0,45,24
2043490,2,0,1,31,Crystal Palace,Leicester City,464,10,9,13,0,7,0,0,56,5,5,1,0,34,0,0,0,1,90,42,7,13,9,1,13,0,0,44,2,4,0,0,21,0,0,0,2,86,42
2043493,1,3,2,31,Watford FC,Liverpool FC,468,3,11,14,3,5,2,1,49,8,1,0,0,13,0,0,0,2,73,47,5,12,13,2,13,2,0,51,3,6,0,0,26,0,0,0,5,65,37
2043495,2,0,1,31,Manchester City,Manchester United,87,11,9,13,0,6,2,0,56,13,3,1,0,28,0,0,0,3,63,45,5,12,11,1,18,1,0,44,0,4,0,0,26,0,0,0,0,64,42
2043497,2,0,1,31,West Bromwich Albion,Norwich FC,433,4,8,15,0,10,4,0,51,6,0,0,0,26,0,0,0,1,65,39,3,13,12,1,11,2,0,49,3,1,0,0,32,0,0,0,0,60,39
2043499,2,1,2,31,Southampton FC,Stoke City,465,9,10,18,1,5,2,0,53,4,2,0,0,28,0,0,0,1,78,38,2,14,12,2,8,4,0,47,2,3,0,0,20,0,0,0,0,76,30
2043501,x,1,1,31,Everton FC,Sunderland AFC,92,2,15,8,1,10,0,0,49,7,6,0,0,26,0,0,0,0,61,51,5,7,15,1,10,1,0,51,6,1,0,0,19,0,0,0,1,58,43
2043503,x,2,2,31,Chelsea FC,West Ham United,83,10,13,15,2,6,1,1,57,12,5,0,0,20,0,0,0,3,67,55,9,12,15,2,17,2,0,43,4,6,1,0,8,0,0,0,0,44,30
2043505,2,0,4,32,Aston Villa,Chelsea FC,86,7,11,11,0,5,0,0,42,6,6,0,0,19,0,1,0,0,62,42,2,8,11,4,10,3,1,58,3,3,0,0,21,0,0,0,0,69,47
2043506,x,2,2,32,West Ham United,Crystal Palace,90,4,11,24,2,10,1,0,60,3,4,0,0,23,0,0,1,6,70,55,5,18,13,2,7,6,0,40,4,5,0,0,15,0,0,0,2,52,39
2043509,1,1,0,32,Manchester United,Newcastle United,430,5,15,9,1,2,2,0,49,3,1,0,0,28,0,0,0,0,64,33,5,6,17,0,6,3,0,51,1,1,1,0,21,0,0,0,2,76,27
2043511,2,0,4,32,AFC Bournemouth,Manchester City,520,4,9,12,0,9,2,0,49,5,2,0,0,23,0,0,0,3,58,28,4,8,11,4,9,4,0,51,6,3,1,0,18,0,0,0,0,57,38
2043513,1,3,2,32,Norwich FC,Everton FC,467,6,5,13,3,10,4,0,43,3,7,0,0,19,0,0,0,0,92,52,5,11,9,2,6,2,1,57,7,4,0,0,28,0,0,0,1,89,47
2043515,1,1,0,32,Leicester City,Watford FC,473,7,12,15,1,10,2,0,47,6,5,0,0,26,0,0,0,1,54,39,8,12,14,0,7,2,0,53,7,2,0,0,28,0,0,0,2,58,41
2043517,x,2,2,32,Stoke City,Swansea FC,432,5,6,18,2,7,5,0,53,4,3,0,0,17,0,0,0,2,49,28,5,17,11,2,5,1,0,47,6,1,0,0,15,0,0,0,2,46,32
2043519,x,1,1,32,Liverpool FC,Tottenham Hotspur,85,12,11,12,1,11,0,0,48,3,6,0,0,16,0,0,0,4,69,36,9,11,11,1,9,1,0,52,6,4,0,0,24,0,0,0,6,76,47
2043521,1,4,0,32,Arsenal FC,Southampton FC,81,8,7,13,4,9,1,0,63,1,9,1,0,7,0,0,0,2,73,45,3,11,8,0,6,2,0,37,3,3,0,0,16,0,0,0,0,64,29
2043522,x,0,0,32,Sunderland AFC,West Bromwich Albion,96,9,11,13,0,3,5,0,56,5,10,0,0,25,0,0,0,1,62,51,3,12,16,0,13,0,0,44,1,0,0,0,22,0,0,0,1,41,36
2043525,x,3,3,33,West Ham United,Arsenal FC,90,7,9,10,3,7,2,0,45,6,4,0,0,20,0,0,0,0,59,43,4,9,11,3,7,1,0,55,2,2,0,0,17,0,0,0,1,59,48
2043527,2,1,2,33,Aston Villa,AFC Bournemouth,86,3,13,12,1,8,2,0,41,5,0,0,0,29,0,0,0,0,58,37,8,11,15,2,8,1,0,59,4,1,0,0,27,0,0,0,3,58,38
2043529,1,1,0,33,Swansea FC,Chelsea FC,456,1,16,16,1,8,1,0,40,2,5,0,0,17,0,0,0,2,72,41,9,13,17,0,5,3,0,60,3,2,0,0,19,0,0,0,0,95,54
2043531,x,1,1,33,Southampton FC,Newcastle United,465,7,13,13,1,5,3,0,41,3,4,0,0,20,0,0,0,2,49,29,6,9,16,1,6,3,0,59,1,5,1,0,19,0,0,0,1,50,40
2043533,2,0,2,33,Sunderland AFC,Leicester City,96,1,9,10,0,7,2,0,51,8,2,0,0,34,0,0,0,0,55,41,7,9,11,2,15,1,0,49,4,6,0,0,30,0,0,0,1,68,60
2043535,1,3,0,33,Tottenham Hotspur,Manchester United,91,2,9,13,3,7,3,0,48,7,5,1,0,28,0,0,0,1,50,32,7,11,13,0,13,2,0,52,3,1,0,0,29,0,0,0,1,48,24
2043537,1,3,1,33,Watford FC,Everton FC,468,11,8,8,3,3,2,0,52,9,6,0,0,35,0,0,0,1,57,38,2,7,10,1,13,1,0,48,1,2,0,0,14,0,0,0,1,45,23
2043539,1,1,0,33,Crystal Palace,Norwich FC,464,10,13,12,1,10,3,0,49,4,5,0,0,29,0,0,0,0,76,39,4,10,16,0,10,2,0,51,7,6,0,0,39,0,0,0,2,91,48
2043541,1,4,1,33,Liverpool FC,Stoke City,85,6,13,17,4,6,2,0,52,4,2,0,0,23,0,0,0,4,66,36,3,14,16,1,8,3,0,48,7,3,0,0,15,0,0,0,0,63,28
2043543,1,2,1,33,Manchester City,West Bromwich Albion,87,8,9,7,2,8,3,1,61,7,2,0,0,18,0,0,0,2,62,41,8,6,13,1,5,1,0,39,5,1,0,0,23,0,0,0,1,52,39
2043545,1,1,0,34,Manchester United,Aston Villa,430,14,9,10,1,9,4,0,65,5,1,0,0,20,0,0,0,0,72,44,3,10,13,0,9,0,0,35,3,1,1,0,27,0,0,0,1,49,15
2043547,x,1,1,34,Arsenal FC,Crystal Palace,81,10,6,15,1,5,2,0,65,9,4,0,0,24,0,0,0,3,78,50,5,13,9,1,9,2,0,35,4,1,0,0,10,0,0,0,0,63,27
2043549,2,1,2,34,AFC Bournemouth,Liverpool FC,520,5,9,12,1,12,2,0,50,4,5,0,0,29,0,0,0,4,62,28,4,10,11,2,5,2,0,50,7,5,1,0,32,0,0,0,2,60,33
2043551,2,0,3,34,Chelsea FC,Manchester City,83,11,12,16,0,3,5,0,50,2,5,0,0,20,0,0,1,2,75,44,3,15,17,3,5,1,1,50,3,1,0,0,18,0,0,0,3,72,26
2043553,x,1,1,34,Newcastle United,Watford FC,84,3,7,17,1,12,0,0,48,1,2,0,0,15,0,0,0,2,63,26,10,14,7,1,5,3,0,52,6,6,1,0,24,0,0,0,3,57,49
2043556,2,0,3,34,Norwich FC,Sunderland AFC,467,14,7,16,0,9,3,0,58,6,9,1,0,39,0,0,0,5,72,56,0,10,10,3,13,5,1,42,5,0,0,0,14,0,0,0,1,49,40
2043557,1,3,0,34,Everton FC,Swansea FC,92,3,11,10,3,12,4,0,42,4,5,0,0,41,0,0,0,0,54,45,7,9,15,0,5,0,0,58,7,1,0,0,29,0,0,0,2,58,45
2043558,2,0,4,34,Stoke City,Tottenham Hotspur,432,5,10,13,0,8,0,0,55,7,2,0,0,19,0,0,0,1,49,22,3,12,10,4,3,1,0,45,7,1,2,0,25,0,0,0,1,41,27
2043559,2,0,1,34,West Bromwich Albion,Southampton FC,433,9,11,14,0,8,1,2,64,9,2,0,0,24,0,0,0,0,78,49,3,14,12,1,10,0,0,36,3,3,0,0,21,0,0,0,0,45,20
2043560,x,2,2,34,Leicester City,West Ham United,473,0,12,13,2,12,2,1,44,4,0,0,0,22,0,1,0,0,52,31,5,12,15,2,8,0,1,56,8,2,2,0,27,0,0,0,2,60,42
2043561,x,0,0,35,Sunderland AFC,Arsenal FC,96,7,9,12,0,7,5,0,40,3,5,2,0,18,0,0,0,1,55,40,7,8,15,0,10,4,0,60,4,8,0,0,22,0,0,0,2,58,51
2043562,2,1,4,35,AFC Bournemouth,Chelsea FC,520,10,9,7,1,6,1,0,47,6,4,0,0,21,0,0,0,0,62,35,7,4,11,4,11,3,0,53,8,0,0,0,19,0,0,0,3,56,32
2043563,x,0,0,35,Crystal Palace,Newcastle United,464,10,7,9,0,2,0,0,57,8,7,0,0,18,0,0,0,3,92,60,7,9,7,0,15,0,0,43,1,7,0,0,20,0,1,0,1,69,34
2043564,1,3,2,35,West Ham United,Manchester United,90,6,5,20,3,6,1,0,47,13,3,0,0,20,0,0,0,1,51,34,2,17,7,2,15,3,0,53,2,0,0,0,17,0,0,0,0,44,32
2043565,x,2,2,35,Liverpool FC,Everton FC,85,5,8,18,2,6,3,0,64,4,2,0,0,28,0,0,0,3,71,47,4,17,11,2,9,1,0,36,3,1,0,0,28,0,0,0,0,51,31
2043566,2,2,4,35,Aston Villa,Watford FC,86,6,8,12,2,6,0,0,38,6,5,0,0,25,0,0,0,2,44,31,11,9,9,4,8,3,0,62,4,5,2,0,15,0,0,0,2,73,54
2043567,1,4,0,35,Manchester City,Stoke City,87,9,8,9,4,14,1,1,51,2,8,0,0,12,0,0,0,0,63,41,4,7,9,0,4,2,0,49,11,3,0,0,15,0,0,0,1,62,39
2043568,1,4,0,35,Leicester City,Swansea FC,473,4,15,11,4,5,3,0,41,7,4,0,0,21,0,0,0,2,55,36,6,10,18,0,6,1,0,59,4,3,0,0,32,0,0,0,2,47,35
2043569,1,4,2,35,Norwich FC,Southampton FC,467,5,7,16,4,3,5,0,58,4,3,2,0,32,0,0,0,5,70,55,1,13,12,2,7,3,0,42,2,6,0,0,22,0,0,0,2,63,50
2043570,x,1,1,35,Tottenham Hotspur,West Bromwich Albion,91,9,8,14,1,8,1,0,63,8,1,3,0,22,0,0,0,5,58,32,7,13,9,1,12,1,0,37,7,1,0,0,17,0,0,0,3,37,24
2043571,1,3,2,36,Southampton FC,Aston Villa,465,8,14,13,3,5,1,0,61,6,3,1,0,29,0,0,0,1,83,45,4,9,15,2,13,3,0,39,2,0,1,0,12,0,0,1,1,72,17
2043572,1,2,1,36,Newcastle United,AFC Bournemouth,84,3,3,9,2,13,1,0,56,3,3,0,0,23,0,0,0,0,83,40,5,8,5,1,6,1,0,44,9,3,0,0,22,0,0,0,3,76,43
2043573,1,1,0,36,Everton FC,Crystal Palace,92,4,10,13,1,9,0,0,49,2,4,0,0,25,0,0,0,0,57,48,8,12,10,0,8,1,1,51,3,2,0,0,35,0,0,0,1,68,52
2043574,x,1,1,36,Manchester United,Leicester City,430,6,16,10,1,10,1,0,67,5,5,0,0,32,0,0,0,2,77,50,5,10,17,1,8,0,0,33,5,1,0,0,17,0,0,1,1,53,24
2043575,1,3,1,36,Swansea FC,Liverpool FC,456,4,14,12,3,5,0,0,48,3,6,0,0,22,0,0,0,2,65,34,7,12,14,1,6,0,0,52,5,2,0,0,20,0,1,0,0,67,29
2043576,1,4,2,36,Watford FC,Manchester City,468,8,13,9,4,4,2,0,43,4,3,0,0,18,0,0,0,1,56,41,2,8,15,2,7,0,0,57,1,3,0,0,21,0,0,0,0,51,29
2043577,1,1,0,36,Arsenal FC,Norwich FC,81,7,8,9,1,9,3,0,63,5,4,0,0,20,0,0,0,3,57,41,3,7,11,0,9,2,0,37,6,4,0,0,15,0,0,0,3,55,31
2043578,x,1,1,36,Stoke City,Sunderland AFC,432,2,10,13,1,7,1,0,53,5,2,0,0,20,0,0,0,1,48,26,8,12,11,1,7,1,1,47,5,3,0,0,28,0,0,0,1,44,24
2043579,x,2,2,36,Chelsea FC,Tottenham Hotspur,83,7,10,19,2,7,3,0,49,5,3,0,0,26,0,0,0,1,84,43,8,19,14,2,9,0,0,51,6,7,0,0,22,0,0,0,1,69,32
2043580,2,0,3,36,West Bromwich Albion,West Ham United,433,8,14,8,0,3,3,0,47,6,4,0,0,29,0,0,0,0,55,26,6,6,17,3,8,2,0,53,1,1,0,0,16,0,0,0,0,62,22
2043581,x,2,2,37,Manchester City,Arsenal FC,87,7,16,13,2,3,3,0,61,8,2,1,0,31,0,0,0,1,84,52,2,10,19,2,15,3,0,39,2,0,0,0,17,0,0,0,1,61,34
2043582,1,3,2,37,Sunderland AFC,Chelsea FC,96,3,11,10,3,3,6,0,43,3,2,0,0,20,0,0,0,0,61,43,3,9,17,2,8,1,0,57,0,5,0,0,16,0,1,0,0,56,47
2043583,1,3,1,37,Leicester City,Newcastle United,473,12,4,10,3,5,2,2,47,15,7,0,0,20,0,0,0,4,52,39,4,9,6,1,18,1,0,53,3,4,0,0,22,0,0,0,0,48,31
2043584,2,0,1,37,Norwich FC,Manchester United,467,1,11,11,0,13,0,0,38,3,2,0,0,27,0,0,0,2,53,34,6,8,11,1,6,1,0,62,8,2,0,0,31,0,0,0,3,61,55
2043586,x,0,0,37,Aston Villa,Everton FC,86,0,8,14,0,9,1,0,48,2,0,0,0,34,0,0,0,0,65,35,5,13,9,0,4,1,0,52,4,3,0,0,47,0,0,0,1,51,37
2043587,2,1,2,37,Tottenham Hotspur,Watford FC,91,10,8,18,1,6,1,0,70,11,3,0,0,29,0,0,0,1,61,39,2,16,9,2,10,2,0,30,4,0,0,0,20,0,0,0,3,43,22
2043590,1,2,1,37,Crystal Palace,Stoke City,464,4,8,22,2,14,1,0,57,7,3,0,0,31,0,0,0,5,89,49,3,19,9,1,11,3,0,43,8,2,0,0,15,0,0,0,2,68,38
2043592,2,1,4,37,West Ham United,Swansea FC,90,13,10,10,1,6,3,0,56,14,4,0,0,13,0,0,0,3,63,37,3,7,14,4,11,2,0,44,4,2,1,0,22,0,0,0,1,47,32
2043594,1,2,0,37,Liverpool FC,Southampton FC,85,8,10,17,2,13,1,0,62,5,5,0,0,18,0,0,0,4,62,47,8,15,11,0,12,2,0,38,9,3,0,0,20,0,0,0,1,55,37
2043595,x,1,1,37,AFC Bournemouth,West Bromwich Albion,520,5,4,10,1,9,2,0,59,5,4,0,0,38,0,0,0,2,61,29,3,8,6,1,9,2,1,41,4,3,1,0,26,0,0,0,0,42,17
2043597,1,4,0,38,Arsenal FC,Aston Villa,81,5,12,6,4,3,0,0,60,7,3,0,0,13,0,0,0,2,64,45,4,5,12,0,8,0,0,40,0,2,0,0,17,0,0,0,2,37,21
2043599,1,3,1,38,Manchester United,AFC Bournemouth,430,7,9,10,3,4,5,0,65,2,1,1,0,21,0,0,0,1,82,36,1,8,14,1,9,2,0,35,2,0,0,0,23,0,0,0,3,44,14
2043601,1,4,1,38,Watford FC,Crystal Palace,468,2,7,14,4,4,2,1,49,14,1,0,0,26,0,0,0,2,46,36,5,13,9,1,15,1,0,51,4,3,0,0,28,0,0,0,5,42,28
2043603,x,1,1,38,Chelsea FC,Leicester City,83,7,5,11,1,11,8,1,55,4,5,0,0,20,0,0,0,5,77,48,6,11,13,1,6,0,0,45,7,8,0,0,26,0,0,0,4,96,50
2043606,x,1,1,38,West Bromwich Albion,Liverpool FC,433,7,11,14,1,6,1,0,37,5,1,1,0,23,0,0,0,1,44,20,5,14,12,1,11,0,0,63,3,2,0,0,28,0,0,0,1,58,34
2043607,x,1,1,38,Swansea FC,Manchester City,456,4,5,19,1,12,1,0,49,2,0,0,0,23,0,0,0,1,64,27,4,17,6,1,4,2,0,51,9,2,0,0,24,0,0,0,2,86,43
2043609,1,3,0,38,Newcastle United,Norwich FC,84,4,7,11,3,8,1,1,50,4,6,0,0,22,0,0,0,3,95,47,11,10,8,0,8,1,0,50,5,3,1,0,26,0,0,0,1,89,47
2043611,x,2,2,38,Southampton FC,Sunderland AFC,465,7,11,12,2,8,1,1,51,11,3,0,0,23,0,0,0,4,64,42,4,6,12,2,11,4,0,49,2,0,0,0,29,0,0,0,1,89,34
2043613,1,5,1,38,Everton FC,Tottenham Hotspur,92,3,8,5,5,11,1,1,38,2,5,1,0,11,0,0,1,5,40,37,8,4,9,1,4,1,0,62,5,5,1,0,25,0,0,0,4,63,55
2043616,1,2,1,38,Stoke City,West Ham United,432,4,11,14,2,5,4,0,44,1,3,0,0,12,0,0,0,1,51,27,10,12,15,1,9,2,0,56,5,5,0,0,26,0,0,0,4,45,34
